inference_time,loss_history,ece,nll,mse,accuracy,ci,entropy,auc,f1
0.008252263069152832,0.14974203566089272,0.036842907745905915,0.07871933291658273,0.03031538204346379,0.984,[0.98352465 0.98447535],"[8.58105449e-04 2.81330010e-02 2.57948253e-03 1.04473742e-04
 2.73714223e+00 6.98054355e-03 8.29957103e-03 4.57976048e-03
 1.34866085e-01 1.91023235e-01 7.40387981e-04 3.69310641e-01
 1.02834802e+00 1.23454791e-01 1.00140003e+00 1.23041594e-01
 2.95793357e-02 2.80316040e-01 3.19851972e-01 8.59516537e-03
 8.03915221e-01 1.02403902e+00 2.92227293e-02 1.11618075e-01
 3.54854264e-01 4.91271903e-02 4.85532871e-03 4.15282550e-02
 4.56578998e-02 3.55960673e-03 5.82701185e-02 4.27423746e-04
 2.91333212e-03 1.90925995e-02 1.28774304e-02 1.34880487e-02
 5.02476141e-03 2.83064584e-03 2.06426617e-02 2.17864638e-02
 1.46729116e-01 4.65529831e-03 1.89629311e-01 4.74605377e-02
 2.93501830e-01 3.12832520e-02 4.45928708e-02 7.22798595e-03
 2.77966992e-02 1.99915062e-03 3.89442147e-01 1.16999813e+00
 1.60839135e+00 2.80063276e-01 2.83631327e+00 2.37833766e-03
 6.86319713e-03 1.27906261e-01 6.05549723e-01 3.29798599e-03
 1.19390767e+00 1.49686457e-01 1.81201152e-02 1.59007962e-02
 2.45161364e-01 3.98728666e-02 1.53082649e-02 2.29516091e-02
 1.13556576e-02 3.74371018e-02 2.53222740e-02 1.04445843e-01
 3.82123894e-03 4.69797709e-02 2.58614206e-02 8.30276619e-03
 7.78528469e-03 6.80686167e-01 1.38827791e-02 1.79723512e-02
 1.66250822e-01 6.74902793e-03 1.18866233e-01 1.05994240e-02
 1.30971723e-03 2.01443807e-03 3.15961130e-03 6.00293591e-03
 9.34838872e-03 7.17076889e-03 1.23178300e-02 5.36965822e-03
 7.34700356e-02 1.11008796e-02 4.15745305e-03 2.69884699e-02
 6.87935782e-03 6.19719833e-01 4.10918518e-02 1.47874146e-03
 6.70449844e-02 8.12744651e-04 1.20774297e-02 7.79235823e-02
 6.25944469e-03 6.99242354e-04 4.86470576e-02 1.21736979e+00
 3.06425025e-02 1.20277036e-01 1.76209367e-02 1.11785912e-01
 9.57458746e-02 1.13765951e-02 2.06448694e-02 7.27119942e-02
 4.01704433e-01 2.35943927e-03 3.79149390e-03 1.79664178e-03
 8.26215314e-02 3.93776749e-02 2.15948869e-02 1.80095017e-01
 3.70797656e-01]",1.0,0.9838383838383838
0.007759466767311096,0.15647259424440563,0.03530135756805038,0.08408702435564905,0.0400658020059377,0.976,[0.97568588 0.97631412],"[5.86782746e-02 6.94233901e-03 6.50064137e-03 4.94161131e-03
 1.42662672e+00 2.90283824e-02 2.08253118e-04 1.99796530e-03
 9.08214909e-03 6.90955309e-02 1.63474566e-04 4.20943226e-02
 1.63693394e+00 8.74529297e-03 6.79908229e-01 1.08776948e-01
 1.15089853e-02 2.05759307e-01 7.31807422e-02 1.31236821e-03
 1.40193941e+00 1.11440022e+00 3.11472927e-02 4.61604694e-02
 1.88423416e-01 1.18747854e-03 3.14495392e-03 3.99206770e-02
 1.93510621e-01 5.25318918e-03 6.96614708e-04 2.19276714e-03
 2.50706340e-03 2.40923329e-02 7.95353422e-03 3.83840187e-03
 2.19336760e-03 3.67230715e-04 2.70137434e-03 1.54472674e-02
 1.71334263e-02 1.40445554e-03 9.66309653e-02 2.87772174e-02
 1.22266901e+00 6.28719471e-02 9.45879129e-02 6.31960180e-04
 1.86069534e-04 2.42973489e-02 7.33443345e-01 8.71365898e-01
 2.04963118e+00 1.19830356e+00 2.62044872e+00 7.68922976e-04
 1.40272302e-03 5.33795828e-03 9.75614997e-02 5.88526192e-04
 1.99234105e+00 3.31980143e-02 9.65076756e-03 6.12877576e-04
 9.49522525e-01 6.96804308e-01 1.84821349e-02 1.29361517e-03
 3.05992399e-01 2.53402522e-02 1.06018111e-01 2.52018739e-02
 2.26783821e-02 1.15982707e+00 3.49084218e-03 2.02950714e-03
 3.74062958e-04 7.09914184e-02 2.30128782e-03 7.82250540e-02
 1.24620609e-02 2.94931537e-02 2.66732162e-01 4.64380063e-03
 5.96812207e-02 9.30660841e-04 2.59910819e-04 8.09645636e-02
 1.04651264e-04 3.28435882e-03 8.31944435e-03 4.78129359e-03
 2.93510620e-06 2.06023629e-04 6.19400813e-04 1.10667393e-01
 3.58148089e-02 1.67660598e+00 1.69465874e-02 7.11523887e-05
 9.38815254e-05 1.29274063e-05 1.77472021e-05 6.28457357e-02
 1.36418241e-03 2.23576056e-04 8.72102402e-03 2.14479806e+00
 1.99565072e-02 1.86827526e-02 3.83405193e-01 5.35832630e-01
 1.06530044e-02 7.18796395e-04 1.92099149e-02 1.07168976e-04
 2.55842315e-02 1.05455346e-05 6.50893815e-05 1.10703042e-04
 1.28081892e-02 2.13211251e+00 7.88720516e-02 3.24965610e-02
 9.26901051e-01 1.47112915e-04 2.52791980e-02 4.94320963e-04
 2.06272664e-04 4.26074087e-03 1.51434098e-03 9.54883880e-04
 3.09508625e-02 1.96461193e-04 4.96942134e-02 3.08142458e-05
 1.60029251e-02 3.18687783e-05 9.84722406e-04 1.69620332e-04
 1.62551549e-01 3.76314490e-01 4.36320796e-01 3.47459518e-02
 4.19465598e-01 5.10904848e-03 6.09201489e-02 6.97459686e-02
 6.89067150e-02 9.77243714e-03 3.85500140e-02 2.62325027e-03
 7.79143085e-01 4.33656133e-02 3.28576658e-02 2.40920134e-02
 3.60888505e-02 1.63246847e-02 2.39352637e-02 1.60863429e-01
 7.97955263e-02 1.68530154e-02 3.49183757e-03 1.50169903e-03
 4.48106919e-02 6.67478612e-01 9.76812483e-01 1.07993667e-02
 8.11328969e-04 1.00722280e+00 2.40285156e-04 4.85102092e-05
 3.74162490e-03 2.66944125e-01 1.72646878e-03 1.12663099e-01
 5.27132118e-01 2.09821616e-01 2.19145067e-02 1.44753932e+00
 1.22660038e-04 5.06116817e-04 7.58217092e-03 6.92697707e-03
 6.45361744e-03 5.88720418e-02 1.81819970e-03 5.55403133e-03
 1.57185350e-02 4.11803911e-02 5.55851345e-03 1.24387789e-02
 1.98963004e-04 5.68283854e-02 2.33134270e-01 3.88618472e-02
 1.34374924e-02 2.01077913e-02 2.25817471e-01 1.44375106e-01
 1.12005586e-01 7.75487034e-01 4.24151269e-01 7.32252046e-01
 1.72605856e+00 1.84995755e-01 4.64715350e-02 9.92603577e-03
 3.10459314e-01 2.75019108e-03 1.58423099e-01 2.49689055e-02
 1.31720573e-01 1.16821461e-01 3.93980730e-02 4.80287679e-03
 7.05550759e-04 2.28483458e-02 3.01557313e-02 3.72818444e-04
 1.28965711e-01 9.46689363e-01 6.33107653e-03 7.46618908e-01
 3.20640754e-01 4.68574177e-02 2.95648213e-02 4.53157244e-02
 5.36936621e-03 2.15574666e-02 1.97939941e+00 5.77418770e-02
 5.74592506e-01 2.03137772e-02 1.10730837e-02 5.73405062e-02
 1.02392929e-01 3.26149185e-02 7.94879738e-02 5.50304375e-02
 1.19538460e-02 4.69180530e-01 6.27567698e-04 1.14309126e-03
 1.27744638e-01 1.33131925e-02 4.41732789e-02 1.16209702e-02
 1.20111909e+00 1.60022997e+00]",0.9999836734693878,0.9752020202020202
0.00914489229520162,0.1465119793623065,0.025195008733747876,0.11706903558020063,0.04306409399364675,0.976,[0.97577492 0.97622508],"[4.87692988e-02 4.64985074e-03 1.51621120e-02 1.92555056e-03
 2.86211022e+00 8.32335147e-04 1.20884416e-02 6.37400528e-04
 1.19091958e-02 8.37007527e-03 1.55854287e-05 1.66896341e-02
 2.29771553e+00 1.50742368e-04 2.58673873e-01 5.56386733e-02
 2.49804609e-03 4.62539295e-02 7.01119916e-02 3.19435637e-04
 2.69511235e-01 4.44781687e-01 8.68964599e-03 2.64744194e-01
 8.04895821e-02 3.62420014e-03 2.18666426e-04 9.73862888e-03
 4.30554644e-03 2.78688849e-03 1.49150194e-02 9.63331414e-05
 1.43386949e-04 4.49061579e-03 3.64068423e-03 1.30496093e-03
 1.98429588e-02 8.88926295e-04 6.32902100e-03 4.21868098e-03
 9.71555231e-01 1.48465815e-03 3.38488656e-02 7.55451618e-03
 7.98483413e-02 3.84936695e-03 1.18186861e-02 5.69369786e-05
 2.90864599e-04 1.83675343e-03 3.21584350e-01 1.88840345e-01
 1.63460137e+00 1.59200578e+00 1.49906975e+00 1.25753883e-04
 3.30218004e-04 5.63244700e-03 4.79353543e-02 2.71273065e-05
 2.80232492e+00 2.62292660e-02 7.85575541e-03 1.05270052e-03
 1.01805253e+00 2.31550239e-01 7.68002124e-03 5.28189701e-04
 6.54067175e-01 4.46002813e-02 8.97235912e-02 1.01034968e-02
 3.11356366e-03 1.20388736e-01 4.19737400e-03 2.48992216e-02
 2.14997627e-03 3.09451567e-01 6.53526125e-04 1.47206822e-02
 6.30720892e-03 2.78021318e-02 4.71051216e-01 1.46442805e-03
 1.91661096e-02 1.09803484e-04 3.47913767e-05 3.20378704e-02
 1.79630839e-04 1.10038018e-03 4.03988957e-04 8.16599818e-03
 2.27390625e-02 2.04029252e-03 2.07543999e-03 9.74433866e-03
 8.07163246e-04 4.13632463e-01 1.88457177e-03 6.31550700e-05
 7.36160254e-03 6.55559891e-04 2.15493229e-04 4.27429976e-02
 4.49148945e-03 4.25110862e-05 1.94538947e-03 1.12876621e+00
 2.43731450e-03 1.56950537e-04 8.74071230e-02 5.42340487e-02
 1.16831297e-02 3.16908236e-03 4.32756345e-03 4.08144828e-04
 1.10820124e-02 3.32457412e-05 1.59818801e-05 3.21046333e-04
 1.48759417e-03 9.22701076e-02 3.40399888e-02 7.06484947e-02
 6.25489721e-01 1.25811764e-05 1.41130376e-02 2.99747582e-03
 2.06192984e-04 9.20285204e-03 2.18372854e-02 1.46639492e-02
 4.04232771e-02 1.96094332e-05 3.32511298e-02 2.33099630e-05
 5.60635037e-03 5.10483708e-05 2.06547808e-04 2.75961155e-05
 8.95557865e-02 1.07134294e-01 8.19365989e-02 8.68013041e-02
 1.35863692e-01 2.70682141e-02 9.40704221e-03 3.10885212e-01
 4.77512826e-02 1.05547537e-02 7.42291931e-03 1.59525325e-03
 6.55962866e-02 6.82684340e-04 6.46913861e-04 1.16139297e-01
 2.10251302e-01 5.55984192e-03 5.90910661e-02 5.76037537e-02
 8.05281405e-02 5.40398495e-03 3.16475169e-03 1.03509197e-03
 1.76875768e-02 4.99084384e-01 4.31720155e-01 1.35846472e-03
 1.49998752e-02 1.63220406e+00 2.42824902e-05 3.82924897e-05
 2.21110480e-03 3.29320112e-01 4.83841088e-04 6.36188663e-02
 6.05081735e-01 3.26018959e-02 5.04504795e-03 1.08488988e+00
 3.83141649e-06 2.53135488e-04 1.35573036e-02 6.82285129e-03
 8.36208181e-03 2.63653210e-01 3.15032285e-02 1.42840364e-02
 3.75832917e-02 1.15837684e-01 5.62206511e-03 1.83819153e-03
 1.80635953e-04 5.63598478e-03 3.79464337e-02 4.66916780e-03
 3.68591445e-02 5.03732985e-03 1.72750589e-02 5.14167829e-02
 2.58340044e-01 4.63956865e-02 4.48383434e-01 2.23995485e-01
 1.94626359e+00 1.28657296e-01 4.93550493e-03 5.31454225e-03
 1.93809981e-02 2.56325541e-03 1.73590242e-01 3.16864840e-02
 4.39706405e-01 1.20979627e-01 1.44108518e-01 3.29792573e-03
 4.89459268e-04 2.32288961e-03 6.08004177e-03 4.55342940e-05
 6.04772677e-02 1.06260748e+00 7.64201929e-02 2.37204280e-01
 3.95256869e-01 2.35388802e-02 9.58509053e-03 3.48348421e-01
 1.41993866e-02 1.33587313e-02 5.35241772e-01 7.80058726e-02
 8.24001109e-01 4.42800067e-02 6.73425976e-03 1.40074745e-02
 2.62723375e-02 4.89915918e-02 7.15856924e-02 5.19066140e-02
 3.49477406e-03 1.19302474e+00 4.09291110e-03 8.26565305e-04
 1.76855131e-02 8.27316333e-04 3.00193656e-03 1.09769004e-03
 9.36761610e-02 1.98507979e+00 5.20554457e-03 2.33719823e-03
 5.28489169e-03 2.68171786e-03 4.67500713e-02 5.26766217e-03
 2.57465007e-02 1.67489909e-02 4.72900315e-03 4.98652816e-03
 6.10880920e-01 9.95412876e-03 3.90695299e+00 3.48283704e-02
 1.50022339e-02 2.56683658e-02 4.13300529e-03 5.70135457e-01
 6.12735066e-02 4.83549297e-01 8.70631244e-01 4.48363773e-02
 6.46466597e-02 1.85446659e-02 4.53497251e-02 3.06672880e-03
 1.32420050e+00 2.21197227e-04 4.00937102e-03 5.19796327e-04
 1.55374020e-04 3.68568339e-04 5.02088840e-03 3.83054836e-05
 5.52282251e-04 1.05460060e+00 3.53649603e-01 1.00863735e-03
 3.96423608e-03 1.01670509e-02 4.64033904e-02 2.42722758e-01
 2.14411779e-03 1.67621561e+00 3.31062490e-02 2.06245982e-04
 1.90001850e-06 1.33541848e-03 3.49061483e-03 1.42574364e-01
 1.27294763e-02 2.88314128e-02 2.31571638e-04 2.12268019e-02
 1.83651714e-01 8.81385823e-01 1.92265948e-01 7.01666373e-02
 4.29732401e-03 1.91450828e-01 9.60726702e-02 5.02496899e-01
 8.65571338e-02 1.51792749e-03 6.41822938e-01 5.13869005e-03
 6.43319349e-01 1.71057511e-03 4.70094824e-02 3.14493355e-04
 2.34504508e-02 1.57649550e-03 3.05999186e-02 7.09427665e-03
 9.30904038e-01 1.40509947e-02 6.91141868e-02 9.67601485e-02
 2.87427987e-03 3.58696176e-03 3.37207272e-04 1.17552493e-04
 2.61168888e-03 2.49873916e-04 1.40953017e-05 1.48130756e+00
 1.16532856e-01 3.37987442e-01 1.52030842e-02 2.15360818e-02
 5.67469678e-02 2.39758401e-02 2.30036923e-01 7.08438364e-02
 8.00418992e-02 1.15869428e-02 2.06174501e-02 2.16361668e-03
 8.56986826e-04 1.26458944e+00 1.45198337e-04 2.01910762e-02
 1.43021295e-04 6.56354177e-03 1.29715900e-03 1.15886601e-03
 4.64520715e-03 1.65543243e-03 2.26449505e-03 9.81898956e-04
 2.22739152e-04 4.04380160e-05 1.06120786e-05 8.06134532e-04
 3.00450769e-03 1.19211917e-05 6.42150178e-06 4.86487943e-05
 1.99141229e-06 4.79191760e-02 6.47526870e-02 1.01630553e+00
 5.53249198e-02 5.05242588e-01 1.71124342e-03]",0.9996396396396398,0.975858585858586
0.008494190871715546,0.1719677441578824,0.03111333292703054,0.13986207371109793,0.05159641630648146,0.97,[0.96979774 0.97020226],"[1.03178787e-01 8.73290125e-03 1.03503644e-02 5.63573485e-04
 3.04495900e+00 5.41600757e-03 1.88368060e-03 4.15286244e-03
 6.10664244e-02 2.84579852e-02 9.64621637e-05 1.67857641e-01
 1.84665997e+00 5.62863076e-04 7.58293799e-01 9.55858789e-02
 1.16148600e-02 3.50665960e-02 7.57682737e-01 3.53939297e-02
 8.82830374e-01 2.14460734e+00 1.10849715e-02 5.81794767e-01
 1.17250288e-01 4.20194355e-03 3.07045299e-04 2.51019941e-02
 4.29753135e-04 5.61660343e-04 3.52446799e-03 3.84218781e-04
 7.09505037e-04 1.25081411e-02 4.00261284e-03 6.90915785e-04
 2.19776681e-02 1.16385284e-04 8.33402251e-03 7.02087151e-03
 1.00218221e+00 5.37660364e-04 5.49752304e-02 2.65438172e-03
 4.52950034e-01 7.89386006e-03 2.75536310e-02 3.96698744e-04
 1.38269880e-04 6.54807010e-03 1.20592040e-01 2.01680256e-01
 1.81301263e+00 1.59812567e+00 2.86771524e+00 1.14419337e-03
 3.54905068e-04 1.28245818e-02 6.69487685e-02 8.23998881e-04
 3.41911719e+00 4.72581816e-02 2.86832574e-03 7.05415803e-03
 1.19377536e+00 6.04671969e-01 7.90029503e-03 2.61367575e-03
 3.31793315e-01 3.41409891e-02 1.36958563e-01 2.09617678e-02
 3.91571340e-03 1.08286797e+00 8.90744132e-04 2.63133784e-02
 6.87046796e-03 2.38076687e+00 5.78212476e-03 1.05059936e-01
 7.54132498e-01 1.32248548e+00 2.19174703e-01 6.75202422e-02
 4.88737903e-02 1.71680985e-04 6.48059140e-05 8.89536295e-02
 2.60957411e-04 4.33166375e-04 1.01637448e-03 2.39017129e-03
 1.49564508e-03 1.54165704e-03 4.16245696e-03 2.47012455e-01
 1.65224147e-03 3.00528146e-01 4.10395769e-03 8.58941004e-05
 1.46241641e-03 4.25282744e-04 5.30396794e-03 3.63314660e-01
 2.11686734e-02 1.78696215e-04 1.13449771e-03 5.22651602e-01
 7.53242648e-03 7.56408755e-03 3.19420693e-01 2.55332394e-01
 3.93161668e-01 3.20196410e-03 3.63372640e-02 3.31764623e-04
 1.17834043e-02 1.17579923e-05 9.90851602e-05 1.16390287e-04
 1.48802118e-03 2.75845720e-01 9.38135458e-01 9.91536399e-01
 2.11424844e-01 4.32252387e-06 3.45336935e-02 3.98830426e-04
 7.89226472e-05 3.42856029e-03 1.69278647e-01 4.15912640e-03
 1.36496446e-01 8.51585641e-05 1.70100699e-02 2.76017948e-03
 1.84862839e-02 2.16527691e-04 1.04968413e-02 7.81171922e-04
 5.13672068e-02 1.33206080e-01 3.38567421e-01 9.83166856e-03
 1.12343391e-01 3.18314011e-03 1.92315149e-02 1.10769049e-01
 4.00984494e-03 6.13675742e-03 1.00791690e-02 2.12520385e-03
 4.21378797e-02 2.73681551e-03 5.25423053e-04 9.22919447e-02
 1.09604640e-01 2.20091211e-02 2.69434491e-01 2.68764280e-01
 1.47850536e-02 9.52714226e-04 1.85514033e-03 4.07585236e-03
 4.41262319e-03 1.19003060e+00 1.05541831e-01 1.11329563e-02
 5.69259675e-03 2.01090940e+00 8.11089364e-05 6.47309783e-05
 6.90741856e-02 2.03874580e-01 1.38564583e-03 1.40720351e-01
 5.09228808e-01 9.33519458e-02 1.00075605e-03 9.90266622e-01
 2.06424543e-06 7.82969772e-06 4.86059267e-03 4.85940024e-04
 1.37464274e-03 3.40637216e-01 3.09975565e-02 3.03540785e-02
 2.30603895e-01 8.63397510e-02 6.12655496e-03 1.95017252e-02
 1.90137251e-03 4.03826109e-02 3.41819648e-01 1.62315519e-03
 3.56096788e-02 2.25806301e-02 4.50310045e-01 4.73560195e-01
 1.00740420e-01 3.96746625e-01 9.33025178e-01 2.06343308e-01
 2.35437627e+00 1.63529424e-01 5.85140052e-02 1.73923156e-02
 9.18318742e-02 8.90538141e-03 5.79855802e-01 4.24242425e-02
 2.43695713e-01 5.33142943e-02 3.02728298e-02 1.05726688e-02
 3.50503836e-04 1.78815638e-02 1.05656054e-02 4.69836022e-05
 3.12760903e-02 4.13311429e-01 2.61053080e-02 1.12238427e+00
 3.27618636e-01 9.03186625e-02 1.62894804e-01 2.04486079e-01
 2.39213894e-02 1.73352539e-02 3.89918342e+00 5.65746971e-02
 9.90210930e-01 8.13101748e-01 1.23659419e-02 2.11765771e-02
 1.35517519e-02 5.57472252e-02 5.65104099e-02 4.50340307e-03
 1.11771035e-03 9.12656294e-02 5.42796941e-04 3.81457097e-04
 1.64955618e-02 2.22890419e-03 1.36373637e-02 1.69969892e-03
 6.74770090e-01 1.36404541e+00 1.71284597e-03 5.70512478e-03
 2.31813625e-03 1.00819556e-03 2.13726361e-02 2.71418926e-02
 1.02617986e-01 6.04402106e-02 1.13700170e-02 5.75706423e-02
 2.60410011e-01 1.07117862e-01 7.44239312e-02 4.79528243e-02
 2.77842203e-01 2.30488097e-02 1.31431020e-02 1.93042915e+00
 9.61865673e-02 7.79043375e-01 2.88836461e-01 5.13100713e-02
 1.50763210e-01 1.23116484e-01 2.71049371e-02 3.36995338e-03
 1.06662350e+00 5.74709846e-05 3.48441792e-03 3.08263430e-03
 5.21709281e-04 8.69108015e-04 4.82674066e-03 4.03088820e-04
 3.25291811e-03 1.40455962e+00 1.04679403e+00 5.34609689e-03
 3.13347854e-02 6.49090060e-03 9.63217445e-02 8.08131092e-02
 3.58181663e-02 1.45585555e+00 8.22227892e-03 2.00820309e-05
 3.05600544e-06 1.06094155e-03 6.26054826e-03 4.51874020e-02
 1.13117394e-01 4.08502544e-02 2.72903268e-03 5.94805765e-03
 1.19754131e-01 3.20065280e-01 8.11416628e-02 1.76753811e-01
 4.26879747e-03 6.14877995e-02 4.08604471e-01 1.15670153e-01
 8.12665301e-02 1.18413287e-03 7.46825737e-01 1.52171373e-03
 4.23958176e-02 3.58038762e-04 7.68384196e-03 1.00212900e-03
 2.42560937e-02 4.41142432e-03 2.41341923e-01 5.14892889e-03
 3.10228524e-01 1.75640386e-02 4.31566031e-01 1.14738116e-01
 8.43239910e-03 4.89541975e-03 2.28123099e-03 1.03863722e-03
 8.08043133e-04 3.34116050e-05 1.98678765e-06 8.14492149e-01
 5.81761552e-02 1.05526251e-02 6.24581874e-03 1.51412916e-02
 4.29566389e-02 1.77766882e-01 6.34752382e-02 1.27394713e-02
 2.50512207e-01 4.08323817e-02 2.76347422e-03 8.56754541e-03
 1.91443393e-03 1.75856668e+00 2.38420867e-04 2.94013538e-02
 1.97672481e-03 2.84993758e-01 9.59365584e-03 4.48340406e-04
 1.92221336e-03 4.95323676e-03 1.56337180e-03 9.35702720e-04
 5.53947083e-05 9.09514974e-05 1.71272959e-05 2.71620729e-03
 6.80485051e-03 5.65669377e-06 7.30593529e-06 2.21542370e-04
 1.22558141e-05 1.81856535e-02 3.49799523e-02 9.91995445e-01
 1.90252580e-02 2.86216287e-01 2.18292470e-03 3.07526473e-01
 7.72523613e-04 1.56476104e-02 1.00783197e+00 4.59686449e-03
 1.61101782e-02 5.55263140e-02 1.02719129e+00 6.58595707e-02
 3.88136428e-01 1.03583084e-01 2.49004789e-02 1.42448277e-04
 3.62289486e-04 4.52236524e-02 1.08243065e-01 4.41058995e-02
 1.76634798e-01 3.81847333e-01 1.08458903e+00 2.24188779e-03
 6.75166948e-02 2.81448185e-01 3.60464153e-02 8.38470237e-04
 7.43086317e-02 9.96779160e-02 7.32846022e-01 1.07621065e-02
 1.17195778e-01 1.54270246e-01 1.41429205e-02 5.69534128e-03
 4.57477260e-04 8.61606028e-01 1.36070613e+00 3.81671720e-02
 2.41272090e-02 1.03339070e-03 8.14739093e-05 1.97176413e-01
 2.95107167e-03 1.50780403e-02 1.39821755e+00 2.94935366e-03
 8.84417390e-04 2.68539421e-04 3.99754606e-05 8.96449731e-05
 9.53626989e-05 4.22513576e-03 6.01569984e-05 6.42561734e-05
 1.53526915e-03 3.65635515e-03 3.36101011e-01 1.33227845e-01
 2.27579767e+00 1.40103574e-01 3.25210035e-02 3.61660694e-01
 1.71385748e-02 1.16315287e-02 6.52874514e-01 4.69938690e-01
 8.16413546e-03 1.03522807e-03 1.61381932e-05 2.89172296e-03
 1.62486693e-01 6.57257940e-02 1.84179565e-01 2.02986924e-02
 3.52131209e-01 1.33021128e-02 7.85235497e-01 4.45187363e-01
 1.07250022e-01 1.73006964e-02 3.93598565e-02 9.46143822e-03
 1.78862226e-01 2.19610668e-01 2.45511211e-02 2.70267434e-01
 1.02324628e-02 1.64185020e-03 8.82551350e-03 3.57854779e-02
 2.57409964e-02 1.43612793e-02 3.79531939e-01 7.77623002e-01
 1.57481703e-01 6.25907232e-02 1.14506715e+00 5.30246205e-02
 5.52280864e-01 8.73564749e-02 2.33199193e-01 4.14234655e-01
 4.65947609e-03 2.80635557e-01 1.46460827e+00 2.46476331e+00
 1.20723990e-04 7.56978183e-02 1.17895526e-02 2.16908721e+00
 2.23927622e-01 1.58203837e-04 4.34911140e-04 2.73770492e-02
 6.74379152e-03 6.37345087e-05 1.03636785e-02 2.86809484e-03
 1.39597732e-03 4.14516164e-05 7.50994623e-04 6.25816807e-02
 1.21478243e-02 1.03120976e-01 3.16397458e-01 5.03881718e-02]",0.9989777777777777,0.969479797979798
0.007459813356399536,0.14052121964050457,0.04407513589422945,0.11534928504622992,0.039751501432330465,0.9792,[0.97907534 0.97932466],"[7.45453196e-01 5.23927030e-02 1.14455182e-02 2.14096738e-03
 1.53965373e+00 2.44700518e-02 9.39181284e-03 5.52639430e-03
 1.38058463e+00 1.19395426e-01 8.14066887e-05 6.77008930e-02
 2.05150927e+00 8.19031764e-03 1.32000424e+00 1.23822907e-01
 1.47782747e-02 8.85586168e-02 9.51298695e-01 1.16686861e-02
 6.28007541e-01 1.25406654e+00 7.35307105e-03 3.46674867e-01
 1.00532877e-01 8.05168743e-04 8.90572216e-05 9.61535507e-03
 2.08698317e-03 6.23855144e-04 9.92917648e-04 4.79105174e-04
 5.20432489e-04 7.00247445e-03 2.33079870e-03 4.69393358e-03
 1.48602967e-02 6.64142304e-04 1.44131935e-02 2.86920063e-02
 3.82067963e-01 1.89130272e-03 1.04688514e-01 5.35780329e-03
 9.38266027e-01 1.21436802e-02 2.73885645e-02 1.93118593e-03
 5.76737364e-02 5.23422535e-01 1.84899976e+00 9.70360889e-01
 2.67990080e+00 2.18131173e+00 2.49815372e+00 5.17052776e-04
 2.77461623e-04 2.48033624e-02 3.47475929e-02 1.32063254e-04
 1.86109218e+00 2.81859735e-02 7.52340379e-03 2.52060496e-03
 1.41899401e+00 1.31547192e+00 1.84665720e-01 6.13374428e-03
 1.12001071e+00 9.08874895e-02 7.72918534e-02 6.21921404e-03
 6.56207507e-03 1.78587766e-01 1.41460019e-03 1.20024793e-01
 1.09812417e-02 1.28902555e+00 1.02208710e-02 1.25794396e-01
 6.32706645e-01 7.55204223e-01 3.21603494e-01 1.76974169e-02
 1.04302317e-02 1.73033674e-03 6.27669651e-05 4.22196985e-02
 2.13858852e-04 2.85596661e-03 1.44724053e-03 1.74806076e-02
 1.13178740e-02 8.52997439e-04 1.44056210e-02 2.99371948e-02
 2.49641820e-03 9.24275651e-02 4.76614103e-03 1.20380268e-02
 3.52131643e-03 2.00188304e-02 7.28160020e-02 3.79695930e-01
 1.07495697e-02 8.65336658e-04 1.61168839e-02 2.25896926e+00
 1.08981165e-02 2.24167981e-01 2.89337494e-01 5.32458508e-01
 2.06914089e-01 1.09377966e-03 3.25320965e-02 5.52831109e-04
 2.01164789e-02 6.96724106e-05 1.03312061e-04 1.73573510e-04
 2.35478493e-02 1.63929212e-01 9.80456601e-01 9.63754907e-01
 2.21160403e-01 1.61991244e-05 2.43394774e-02 6.32000737e-04
 3.77055866e-04 1.56257018e-03 6.53323673e-01 5.93730620e-01
 1.96096515e-01 3.72460231e-03 7.92002354e-02 3.63982388e-03
 7.32330013e-02 6.57459425e-04 3.90850836e-03 2.03591264e-03
 8.67629811e-02 2.91394887e-01 5.02805821e-01 2.14403266e-01
 1.53560541e-01 1.73829264e-02 1.93030171e-01 2.58159678e-01
 1.64767431e-02 4.42124805e-02 1.68340083e-01 1.57530829e-02
 1.18274444e-01 1.50421178e-03 4.20751385e-03 8.83722046e-02
 3.37998879e-01 7.10762347e-02 1.86117697e-01 3.01011472e-01
 2.49447336e-02 7.07850947e-03 6.71871405e-03 5.45702079e-03
 1.67173522e-02 1.09627769e+00 3.31818948e-02 4.41694647e-03
 8.52072538e-03 1.90492390e+00 2.43982166e-04 1.51039420e-04
 1.46230035e-01 2.03768990e-01 5.00733429e-03 1.28868299e-01
 1.04475467e+00 1.29012200e-01 9.54287034e-03 3.27448383e-01
 6.68422777e-05 6.09891673e-04 8.42071624e-02 5.21902531e-02
 8.50949677e-03 1.03412432e+00 3.62034141e-02 2.16021364e-02
 3.16536475e-01 7.84013371e-02 7.12795843e-03 1.26524605e-02
 4.18542565e-03 1.65197638e-02 4.69262586e-01 7.59560782e-03
 1.20762136e-01 3.86580764e-02 1.98327624e-01 5.31599048e-01
 4.43257752e-01 9.73807111e-01 8.88984396e-01 1.54563401e+00
 1.41354327e+00 4.27797567e-01 1.14095820e-02 4.44987990e-02
 1.13072700e-01 6.09294096e-03 3.39465812e-01 1.33064956e-01
 1.03912871e+00 8.21764420e-02 4.93973166e-01 7.78079672e-03
 1.64038567e-05 4.62285489e-03 5.62742242e-03 3.95245549e-05
 2.21305178e-02 6.27040652e-01 1.25788505e-03 1.16058176e+00
 3.57055861e-01 3.18428955e-02 1.49509471e-02 2.75827094e-01
 3.74516850e-02 8.38404248e-03 2.86392236e+00 5.56391739e-02
 3.77562766e-01 1.99379168e-01 3.28912973e-02 3.22984929e-02
 9.36827100e-02 3.11882596e-02 1.39555666e-01 2.93625131e-02
 7.03822174e-03 3.66016028e-01 1.83693341e-03 4.10048003e-04
 3.44683355e-02 5.32132423e-03 5.73503495e-03 3.79301717e-03
 6.78797244e-01 5.73671022e-01 7.22288768e-03 1.24990654e-02
 3.57801893e-03 7.99461496e-03 1.69151285e-01 3.08892335e-02
 3.28383753e-01 1.31238785e-01 1.15626663e-02 1.51567789e-02
 4.14008001e-01 1.15277153e-01 2.12763404e+00 2.13454107e-01
 7.85554339e-01 4.15106383e-01 1.79783770e-02 5.37773644e-01
 1.30712090e-01 2.13073732e+00 1.30852199e+00 4.89581851e-02
 1.96069102e-01 1.23091625e-02 2.19238398e-02 2.63501082e-03
 7.91931523e-01 1.01886712e-04 4.83892208e-03 8.88450593e-03
 1.51475225e-01 1.33026195e-01 2.66940050e-01 1.06365221e-01
 1.32819202e-01 1.31004829e+00 1.02498649e+00 5.68027114e-03
 4.67399107e-02 1.46994196e-02 1.33689856e-01 6.92458971e-01
 5.40573755e-02 1.79907974e+00 7.84862735e-03 7.63336136e-05
 1.44642631e-05 2.81362443e-02 1.74258118e-02 9.69771951e-02
 5.68924808e-02 2.67332409e-02 1.78233842e-03 4.01646371e-02
 1.30260941e-01 5.31632830e-01 1.87934097e-01 1.03062189e-01
 2.57538102e-02 2.88032205e-01 8.47365882e-02 2.98688755e-01
 5.57765884e-02 1.03106387e-03 1.78233725e+00 1.12996143e-02
 8.16582461e-01 6.86907382e-04 6.78586737e-02 2.50616486e-03
 1.35645413e-01 2.04119127e-03 2.79547740e-01 1.43822450e-02
 1.38009970e-01 3.17380868e-02 7.27101966e-01 8.88257645e-02
 1.16052943e-02 5.04607386e-03 9.67686718e-04 1.33272379e-03
 4.93610933e-03 2.53669552e-04 7.55852105e-06 1.68456445e+00
 3.64742169e-01 3.18998744e-01 7.14252114e-02 1.06933858e-01
 6.63386907e-02 6.78622222e-02 1.56473946e-02 4.38626315e-02
 2.91687337e-01 2.43763058e-02 7.47487058e-02 1.02410772e-01
 3.72750451e-03 1.64242046e+00 1.17751193e-03 3.40349834e-02
 1.29693470e-03 2.43268161e-01 4.46114794e-02 2.97118620e-03
 1.15019122e-02 2.70643962e-03 5.14013300e-03 1.08614989e-02
 5.81572984e-04 5.47460234e-04 1.50454306e-04 1.64576535e-02
 3.55131780e-02 1.78278760e-04 2.70069910e-04 1.21679535e-03
 5.36904889e-04 1.59443183e-02 1.02371330e-01 8.12712767e-01
 1.88966246e-02 6.57430987e-01 1.34192949e-03 1.04120074e-01
 5.13447971e-03 6.70321537e-03 3.59580994e-01 6.54261801e-03
 2.38711750e-02 5.95183302e-02 1.49965130e+00 2.27304997e-02
 1.00470891e+00 4.81172200e-02 6.02332964e-03 2.44257653e-04
 2.58353140e-04 1.10133866e-02 5.08910058e-01 2.82007583e-02
 1.46676275e-01 8.40422686e-01 7.34131965e-01 3.66175987e-02
 1.96235975e-01 1.25742843e+00 5.04409591e-01 3.27108591e-03
 4.16333327e-02 3.72913400e-01 1.57132812e+00 2.50875178e-02
 1.80382915e-01 8.23525694e-02 1.85405534e-02 1.95208510e-03
 3.18229056e-04 4.46785202e-01 1.03165195e+00 1.37448955e-02
 2.03991226e-02 3.17688083e-03 9.70289121e-06 1.11914722e-01
 6.13043419e-03 1.39101414e-02 1.56257598e+00 1.15962922e-02
 3.29874801e-03 1.39220786e-04 4.14673475e-04 1.34786926e-04
 1.98803289e-03 1.15985213e-03 1.59438304e-04 6.27564184e-04
 7.95889997e-03 4.15011205e-03 2.80145693e-01 3.40889390e-01
 2.09704645e+00 1.02681816e-01 9.23096893e-02 4.06585926e-01
 1.54822980e-02 2.57195918e-02 2.80975732e-01 4.51253138e-01
 2.28115907e-02 3.34749695e-03 9.89298795e-04 5.81226072e-03
 3.41251897e-01 5.23420450e-02 8.82466777e-02 1.33195124e-01
 1.85699022e-01 5.54205298e-02 1.23306071e+00 9.78023614e-01
 5.59640450e-01 2.08087942e-01 1.71361858e-02 2.65549967e-02
 1.92850427e-01 1.05142216e-01 3.90041348e-02 3.03343449e-01
 9.41088811e-03 1.00226280e-04 1.76389590e-02 1.41442365e-02
 2.71104638e-03 4.16619147e-02 6.69469168e-02 8.73268943e-01
 1.30899920e-01 2.78986596e-02 6.71138630e-01 8.41981831e-02
 1.14999061e-01 1.13647970e-01 8.21623119e-02 2.48508472e-01
 5.91890214e-03 4.19937439e-01 2.60801558e+00 1.66027141e+00
 5.74957769e-04 1.30176133e-02 9.44979772e-03 2.01572041e+00
 7.59617589e-01 1.96328804e-04 1.36911937e-03 1.56932809e-01
 1.11698354e-02 3.24377087e-04 4.50123125e-02 4.53095887e-02
 4.21765792e-03 3.10629944e-03 9.21180283e-03 8.35222576e-02
 1.90225562e-02 1.11026458e-01 3.37592225e-01 1.04158230e-01
 2.63800928e-01 1.06774665e-02 5.52289728e-01 6.59484344e-01
 2.44918559e-01 1.04086734e-02 3.04953608e-01 1.05328948e-03
 3.98564045e-03 2.17150076e-06 3.26216577e-03 1.33048336e-04
 1.55021506e-04 9.18525615e-05 3.18064341e-02 1.48907163e-01
 1.35227667e-01 1.97085276e-03 3.76449652e-01 4.28940608e-02
 8.46871955e-02 8.74644373e-02 2.39922983e-03 3.00450876e-03
 3.64622479e-04 8.59335090e-03 3.56563315e-02 1.38755506e-01
 2.19069543e-03 7.62457198e-04 1.51822990e-02 2.87577210e-01
 5.14395105e-02 8.31710255e-01 3.68311429e-02 3.08184892e-01
 3.09509122e-01 8.61148882e-04 3.58921544e-04 1.06804754e-01
 3.09549618e-04 1.38512008e-03 1.74176222e-05 5.05213613e-03
 9.89337265e-06 8.11012136e-03 3.15977040e-05 5.89028178e-03
 6.11651512e-03 2.03219644e-03 2.72342630e+00 1.73451264e+00
 2.20833986e+00 3.24081588e-01 6.04997065e-01 1.73261654e-02
 6.57851757e-02 4.61243213e-03 2.32801446e-02 8.17172083e-03
 1.12399012e-01 3.69403470e-02 8.40451189e-02 1.33083876e-01
 1.68796815e-01 9.35556270e-01 9.22172380e-01 5.37439853e-02
 3.00741569e+00 1.21303005e+00 1.21977089e+00 5.60875214e-02
 9.67435772e-02 4.02883590e-02 8.12520827e-02 9.53934213e-01
 3.99585892e-01 4.40929101e-03 4.33161477e-03 5.65355315e-05
 1.39858088e-02 4.24228268e-04 4.13248976e-03 9.66259948e-03
 2.80100750e-03 1.60138871e-01 7.80007933e-03 2.34149229e-01
 8.53850686e-02 7.35558398e-01 3.87282397e-02 6.86118126e-04
 9.53856874e-02 9.64262537e-03 2.50785848e-03 1.81267385e-01
 1.07503243e+00 6.83782216e-01 1.20942855e+00 1.85750799e+00
 6.93038465e-02 1.50017634e-01 1.63236182e-02 2.35608028e-01
 8.52427484e-01 4.66869074e-01 1.35307186e+00 2.54410721e+00
 7.83694516e-02 1.48943091e-02 5.00461315e-03 5.29977957e-03
 3.39636218e-04 1.99052861e-02 4.32268942e-03 5.10819336e-02
 4.51423529e-03 6.24416593e-01 5.13463637e-01 2.36143504e+00
 4.77956615e-03 6.49287370e-02 2.40301094e-02 2.53144753e-01
 1.29932877e-02]",0.9993806451612903,0.9788323232323232
0.0071521160450387505,0.1673555568534326,0.03426097161467435,0.1170564274988942,0.046827456446020474,0.9746666666666667,[0.97454429 0.97478904],"[5.25380534e-02 3.22771733e-02 3.98054420e-03 5.05137410e-05
 4.45692151e-01 3.06133392e-03 1.21066680e-03 1.41599245e-03
 2.29819509e-01 4.16248673e-02 9.22527355e-05 4.68690650e-02
 1.98999306e+00 8.28860009e-04 1.91509895e-01 3.79171926e-02
 3.06090363e-03 1.66966866e-02 5.12729047e-02 2.11796691e-03
 9.27816628e-01 1.09803417e+00 2.38834893e-02 1.13329197e+00
 1.71992287e-02 5.06500143e-04 2.45569162e-05 1.45522913e-02
 2.71218420e-05 6.61307896e-05 9.08773596e-04 7.18449295e-04
 2.82794739e-03 9.25438446e-03 6.01476066e-03 6.99909106e-03
 5.36804768e-02 7.64470155e-04 5.21703361e-03 1.11791773e-02
 5.57144288e-01 1.69793440e-03 2.97024208e-02 7.34943071e-03
 5.35779970e-01 3.37553475e-03 7.93323631e-03 4.82074707e-04
 3.85252417e-03 1.91833957e-01 1.24190888e+00 6.21296515e-01
 1.93631412e+00 1.52119601e+00 3.00075991e+00 1.35980157e-03
 1.24481285e-03 1.03196471e-02 2.29813156e-01 2.08187801e-04
 3.07357316e+00 2.88226749e-02 4.08471821e-03 2.19911708e-03
 1.36649889e+00 1.58538883e+00 2.44256163e-02 7.59815673e-04
 2.44497133e-01 1.77824301e-02 3.49043012e-02 1.69456539e-02
 3.63641445e-03 1.03018550e+00 2.10481665e-03 4.51412121e-02
 9.25456978e-03 1.73291748e+00 1.34058455e-03 1.09153402e-01
 6.56669044e-01 8.06599590e-01 1.38376791e-01 4.67118938e-02
 1.10929104e-02 2.48724251e-03 5.71235928e-05 5.39561972e-02
 3.46486215e-03 1.34548885e-03 5.25695215e-03 9.91378163e-02
 5.33692341e-04 1.91309539e-01 4.54331214e-02 2.08079750e-02
 5.97417253e-03 3.62358058e-01 5.46664799e-03 1.63188712e-04
 3.17653289e-03 1.77852942e-03 6.69763318e-03 4.74337871e-02
 3.74753259e-03 2.98159501e-03 6.86640880e-03 2.71854112e+00
 1.83876806e-03 3.75598078e-01 1.66393192e-01 9.20391748e-01
 3.76206060e-02 9.81103869e-03 9.63563277e-03 9.42702462e-05
 1.70961370e-02 4.94146245e-06 3.02418881e-05 6.80752655e-05
 1.88392641e-02 4.59166885e-01 9.97796106e-01 5.65536111e-01
 1.22284949e-01 1.78125317e-05 4.06493098e-02 6.03082609e-04
 1.54340914e-03 2.95681307e-02 5.18293464e-01 3.65357627e-01
 4.71411480e-02 1.39014289e-02 7.81173819e-02 7.39576412e-04
 8.31953809e-03 6.43897196e-05 3.25141003e-03 5.83331747e-04
 2.49592625e-01 3.48530631e-01 1.09774721e-01 1.28613841e-01
 3.41547984e-01 4.78638100e-02 9.98096644e-02 2.33968900e-01
 1.04143493e-02 2.00392347e-01 2.38355256e-02 1.02417374e-02
 3.53778916e-02 5.94704623e-04 5.27724821e-03 2.13637789e-01
 6.38539224e-02 9.07823288e-02 1.66283631e-01 4.12979719e-01
 4.92605541e-03 4.68730427e-03 7.04365127e-04 4.31568324e-03
 2.94978698e-03 1.16880310e+00 6.87357007e-01 1.67914897e-02
 1.83751483e-03 2.31939197e+00 2.19060758e-04 8.74307890e-05
 3.46111021e-02 2.14574604e-01 1.21159930e-03 9.95318086e-02
 7.95580718e-01 5.28237617e-01 1.20796137e-03 1.73246725e+00
 5.00923343e-06 3.39440030e-04 2.42545648e-02 7.22106474e-02
 8.91436130e-03 9.26017123e-01 1.51833656e-01 2.57504612e-02
 3.52479564e-02 5.01756988e-02 3.14009365e-03 7.70967880e-04
 6.04215415e-04 2.62275518e-03 4.72364241e-02 2.26484067e-02
 1.38760258e-01 8.83235508e-03 1.90752299e-01 2.26888274e-01
 5.10729568e-01 2.16357052e-01 3.65912015e-01 9.97553142e-01
 2.02707521e+00 1.49448964e-01 7.40732730e-03 3.38567995e-02
 7.87322445e-02 6.48564549e-03 5.21641904e-01 2.75720879e-02
 2.77033318e-02 4.32713001e-02 4.28116584e-01 1.88644224e-02
 1.08355938e-04 1.18016698e-02 1.59128498e-02 1.32585259e-04
 3.07692385e-02 1.74995294e+00 6.98350972e-03 3.69058929e-01
 2.79711754e+00 4.53873592e-02 1.82944026e-02 3.34263621e-01
 2.80221423e-02 4.70149804e-03 1.26643038e+00 1.82757531e-01
 6.84652990e-01 1.98094196e-01 3.14883950e-03 2.31192681e-03
 2.47106505e-02 6.15917295e-02 7.65475971e-02 1.35464993e-02
 2.41060843e-03 1.87222024e-01 1.13884333e-02 6.57468277e-04
 3.64465719e-02 6.37133373e-04 7.39981358e-03 2.43297516e-03
 4.15313646e-01 5.16239051e-01 1.33574157e-03 4.81617751e-03
 9.16831677e-03 5.50644989e-03 1.35213619e-01 1.57130752e-02
 1.95438783e-01 5.58064354e-03 2.77779290e-03 1.51652526e-02
 7.77899033e-01 7.97570682e-02 3.86645697e+00 4.47220995e-02
 1.02460867e-01 1.39570941e-02 2.23502683e-02 4.32074661e-01
 1.47009728e-01 2.66211054e+00 2.48627991e-01 1.20388445e-01
 6.69088751e-01 1.33666207e-02 1.68952324e-02 7.14362030e-04
 4.79112302e-01 2.91895161e-05 1.23615671e-02 1.08931725e-03
 2.57177791e-01 1.06758836e-01 1.10465389e-01 5.92547475e-02
 8.54592492e-02 7.65064808e-01 3.23524407e-01 6.99776263e-03
 6.72349732e-02 4.00815531e-03 8.03410757e-03 1.15262175e-01
 7.88069707e-03 7.33255460e-01 1.31920570e-02 6.91446657e-05
 1.15953653e-04 3.48376905e-03 6.43243074e-02 2.39243546e-02
 1.94154408e-02 1.09669527e-02 1.92538882e-04 3.32092600e-02
 6.98602174e-02 6.64912606e-01 1.05774646e-01 1.20189332e-01
 7.08274462e-03 7.08774427e-01 1.69422001e-01 1.00202498e+00
 1.93408208e-01 4.85309788e-03 9.53519897e-01 8.57708864e-03
 1.06539777e+00 2.41214867e-03 2.95369342e-02 2.20901968e-04
 1.59276345e-02 1.10806694e-02 4.34397779e-01 1.72453461e-02
 4.23843187e-01 8.18226049e-03 3.98500771e-01 3.35342205e-02
 1.02973510e-02 3.01981910e-03 4.81150442e-03 2.12072099e-03
 1.56023861e-02 5.24918177e-04 2.12923288e-04 8.51647350e-01
 8.10616793e-02 8.10431224e-02 1.37209365e-02 1.15419917e-02
 3.77003526e-01 3.12662574e-02 7.28991787e-02 1.32516562e-01
 2.21170062e-01 1.03620146e-02 5.27717842e-03 3.01039306e-03
 5.30032700e-03 8.27022762e-01 1.27299915e-03 2.06275683e-02
 1.19713866e-03 2.19733072e-01 5.80889103e-02 2.73829439e-04
 4.46597055e-04 1.63562645e-03 7.36253038e-04 4.72551709e-04
 2.06877012e-05 3.79889215e-05 6.25429671e-05 4.15280998e-03
 8.64725650e-03 8.29126587e-05 3.88030494e-05 2.15568065e-04
 2.95022079e-04 8.43535185e-02 1.19428118e-02 1.73079075e-01
 1.92923220e-02 6.23445154e-01 1.87867664e-04 6.79672621e-02
 9.58306843e-04 1.63647509e-03 6.29751192e-01 1.41058775e-03
 1.99035580e-02 3.95870512e-02 1.45807299e+00 6.18061445e-02
 2.30716771e-01 1.17506953e-02 2.88550258e-03 4.65714652e-05
 5.54444887e-06 1.19492620e-02 1.89700867e-01 5.27085866e-02
 2.85017928e-01 5.55687638e-01 1.03827498e+00 3.63339905e-04
 3.54044463e-02 4.60822669e-01 3.76562226e-02 1.54025661e-02
 2.56431990e-01 6.87988228e-01 1.58283772e+00 4.00197220e-03
 2.93967189e-01 1.67304230e-02 2.71840887e-03 1.65951616e-04
 2.44935421e-05 6.74752524e-02 5.78167945e-01 2.15663005e-02
 3.83912263e-02 3.84899019e-03 8.19997873e-06 1.11554454e-01
 2.69682416e-03 1.40267078e-02 1.99467674e+00 2.70216024e-03
 2.12444114e-04 1.60720597e-05 6.38485361e-04 7.65542034e-06
 1.93638152e-03 3.14861035e-04 1.24751530e-05 2.08141876e-04
 9.24488613e-03 1.06874579e-03 8.29701671e-01 5.12441463e-02
 8.56224211e-01 6.14776053e-02 9.33080245e-03 3.24290301e-01
 4.15493627e-02 6.40189643e-02 8.76972544e-01 3.17749265e-01
 4.83113835e-03 1.16394859e-03 3.67157455e-05 1.63445906e-03
 2.03598230e-01 5.67915622e-04 4.06782186e-02 2.09185216e-02
 8.06098171e-02 6.11273160e-03 1.13019615e+00 3.80044310e-01
 1.00666550e-01 1.25814116e-02 2.18103535e-02 3.85000534e-01
 4.79854466e-01 2.64452394e-02 1.94973736e-03 7.37503497e-02
 4.85233508e-03 1.63243980e-04 2.28570459e-01 3.94201661e-02
 6.92268443e-03 7.71890670e-02 3.27990204e-01 9.47876890e-01
 9.61297325e-02 1.63472899e-02 9.72318194e-01 2.74891430e-02
 1.03221653e-01 4.29539487e-02 5.46596195e-02 2.69031835e-01
 4.47145398e-03 4.20728240e-01 1.22982304e+00 2.39306791e+00
 6.93437392e-04 1.91532837e-02 3.18046524e-02 2.54321782e+00
 3.17551852e-01 4.60871455e-05 1.19618724e-03 1.37914136e-01
 9.76730116e-04 1.74716805e-04 1.59207262e-02 1.09271112e-02
 4.04723194e-03 5.59388706e-04 2.90772831e-04 1.36954404e-02
 1.14765522e-03 2.13807289e-02 4.81459024e-02 5.15486334e-02
 3.17089288e-01 2.02394544e-03 2.85360737e-01 7.66487789e-01
 2.89248922e-01 8.54162800e-03 1.53367895e-01 4.54394141e-04
 6.29496807e-03 1.59898427e-05 3.40008508e-04 1.02870460e-03
 1.74928272e-04 6.41713075e-05 2.16261851e-02 5.29190564e-02
 1.63359804e-01 1.35308451e-04 3.87549136e-02 4.43117902e-03
 1.22414463e-01 1.30561767e-02 1.69445484e-04 2.01695736e-03
 2.52684880e-05 7.41937230e-03 1.22894742e-02 1.03393015e+00
 7.68209995e-04 1.29956567e-04 1.53626890e-03 8.42491880e-02
 7.12309186e-03 4.26736158e-02 6.73697378e-03 3.17036781e-01
 1.17587705e+00 5.14455487e-03 1.04753639e-04 6.46179726e-02
 2.41506745e-05 4.02489932e-05 5.95852527e-06 7.53176982e-04
 5.23177044e-05 3.04174889e-03 7.83512757e-05 4.22023663e-03
 1.93971242e-03 7.45698191e-03 2.74510048e+00 1.93312252e+00
 2.28705155e+00 1.33398455e-01 5.66734599e-02 4.88201962e-03
 9.61305845e-02 1.18897323e-02 9.74468119e-02 7.39940292e-03
 2.82816521e-02 3.45823568e-03 7.78134777e-03 7.85539411e-02
 3.95398426e-02 1.06731400e+00 6.63814098e-01 1.64076766e-01
 1.45984180e+00 1.59797559e-01 1.68670482e+00 1.17391557e-01
 7.56087391e-02 8.55006208e-02 1.57375279e-01 7.34766142e-01
 8.21328585e-01 6.60665397e-03 3.83932582e-02 1.19907030e-04
 5.05479608e-03 3.33854086e-05 9.83879335e-04 9.61681679e-04
 2.23515743e-04 5.86595611e-02 1.37582912e-02 1.44185844e-01
 1.64795381e-01 8.98379744e-01 2.62434251e-01 4.60143708e-03
 1.80672341e+00 1.09566773e-01 2.08630323e-04 3.13574362e-01
 9.38653263e-02 6.99265314e-01 5.56832227e-01 2.58371072e+00
 7.01287186e-02 1.20139364e-01 3.46371789e-02 3.31052002e-02
 4.71131776e-01 8.53636085e-01 2.53601607e+00 2.65193899e+00
 2.77248589e-01 1.24776649e-02 6.73919654e-04 8.61199673e-04
 4.00837389e-04 1.15101885e-03 9.47735970e-04 5.49291988e-02
 8.23382751e-04 1.38412330e+00 1.17053671e-01 1.08029707e+00
 9.81454957e-03 1.64047271e-02 4.72441375e-02 2.46877693e-01
 1.47579353e-02 1.71549051e-02 2.85748465e-02 1.03880322e+00
 3.71452249e-01 1.41222821e-02 6.88409552e-04 7.70319583e-03
 4.00354525e-04 1.66215823e-04 1.26045098e-03 1.36209855e-01
 2.69534991e-02 6.84912330e-01 4.32739799e-02 4.62189083e-02
 3.79335908e-03 2.02880661e-03 7.81590277e-04 4.28548977e-05
 1.57883431e-03 7.18633910e-02 2.01549238e-03 4.95920303e-02
 6.59754361e-02 2.69450735e-02 3.58562954e-03 5.65823047e-01
 5.05910684e-03 1.56933576e-03 7.22499317e-02 1.23195769e-02
 3.18667817e-03 1.24941877e-02 3.24513545e-01 8.24929562e-03
 1.43985908e+00 5.75469200e-03 8.99745648e-01 2.27321970e-03
 3.21146097e-02 8.33063706e-01 2.24152183e-01 1.57701493e-01
 8.15314431e-01 4.68591115e-02 3.81979624e-03 1.58887491e+00
 8.58155109e-01 4.97418470e-02 1.15132851e+00 3.63570460e-01
 3.52659419e-01 2.04032223e-02 2.83746427e-01 8.61658853e-01
 7.22212675e-03 1.00844484e-02 3.83024161e-03 1.30085785e-03
 1.08128245e-01 9.05626765e-02 9.73329548e-02 1.97484495e-01
 8.58777756e-01 8.62291650e-01 2.20871778e-03 5.07953742e-03
 1.72290384e-02 8.99332869e-03 2.09113203e-03 2.76285705e-02
 3.92420015e-03 1.79789529e+00 4.57457496e-04 1.17221532e-04
 2.05224286e-03 7.25267142e-02 9.91729897e-02 5.36076913e-02
 5.86728500e-02 3.23290982e+00 3.04926130e-02 2.20340775e+00
 1.15136669e-01 1.92578336e+00 1.23773552e+00 3.87740649e-01
 3.46716469e-01 4.76340483e-01 6.45655757e-02 2.63902025e-06
 2.88662507e-03 1.01230223e-01 9.61434512e-05 5.03724216e-01
 7.33465605e-01 2.09198898e+00 3.34639360e-01 2.31266775e-02
 2.28766123e-01 4.25893617e-04 5.14838372e-05 2.64057382e-04
 2.65799284e-04 6.85562113e-02 5.56384959e-02 2.22204438e-03
 4.60191491e-02 1.24770163e-01 2.33338162e-03 3.56708463e-05
 4.04628358e-04 2.02513078e-02 3.70139003e-02 9.16969829e-01
 2.38557610e-02 9.81462098e-02 1.08576935e-02 3.36262848e-03
 7.53137615e-02 1.17286871e-03 1.12878824e-03 2.96533569e-03
 5.98407716e-03 1.62520378e-05]",0.9998854586129755,0.9738821548821549
0.008342261747880416,0.16301330176436088,0.028136168355569195,0.11975428046600395,0.05200214532046539,0.9645714285714285,[0.96445494 0.96468791],"[0.92283038 0.04827584 0.04030087 0.03593224 1.8075242  0.03740826
 0.03781952 0.03699464 0.08359874 0.05993082 0.03553523 0.05819044
 2.39857736 0.03562317 0.20944252 0.09753212 0.06090475 0.05149563
 0.05978192 0.04074227 1.68961061 1.77828151 0.04484617 0.9157973
 0.08579168 0.03785379 0.03547075 0.03963057 0.0438625  0.03575566
 0.03853832 0.03567533 0.03585653 0.03838838 0.03676269 0.03663059
 0.0451221  0.03586207 0.05127994 0.03921984 0.2308847  0.03702993
 0.05491591 0.04130497 0.36517894 0.0443582  0.03663088 0.03737045
 0.04189915 0.15064944 1.07949703 0.24257589 1.90994179 2.06672515
 2.93799755 0.03588281 0.03549337 0.04519626 0.06816596 0.03554353
 3.65096471 0.07774746 0.04477857 0.03770693 1.46937711 1.32195969
 0.04286684 0.03650464 0.50128934 0.05997484 0.07014437 0.10139394
 0.03947678 1.25645487 0.04296893 0.13331248 0.04493357 1.62950611
 0.03879942 0.34591638 1.25411649 0.26214715 0.14400845 0.05447992
 0.03902417 0.06496077 0.03632669 0.09965944 0.04263864 0.03929693
 0.03766229 0.04563657 0.04274263 0.07521948 0.08738892 0.11295845
 0.04001586 1.05101844 0.04208498 0.07133507 0.03964325 0.03645188
 0.04322865 0.08784025 0.03741331 0.03728278 0.04363546 3.36234335
 0.05493357 0.4289401  0.33126692 0.48196801 0.14355007 0.04101356
 0.03795897 0.03557742 0.04026427 0.03543504 0.03541894 0.03556682
 0.03918085 0.59822562 0.91436448 0.63710421 0.17097504 0.03541561
 0.0542408  0.03554748 0.03547473 0.03856912 0.07058545 0.06250346
 0.06459384 0.03701876 0.07720729 0.03667491 0.07635003 0.03574824
 0.03613333 0.03699918 0.10745048 0.10346315 0.61140704 0.08628877
 0.27806888 0.04553678 0.04336189 0.05728246 0.04064098 0.0601944
 0.11837342 0.0365834  0.32206866 0.03544253 0.0362372  0.07157226
 0.08522742 0.04340143 0.14687003 0.09658012 0.04650235 0.04431619
 0.03702705 0.03696643 0.0453357  1.17791831 0.11177543 0.04157491
 0.0437353  2.44415255 0.03543286 0.03544083 0.03859865 0.15553803
 0.03574494 0.1558391  0.39643697 0.46466987 0.04110108 1.50106489
 0.0367759  0.03639694 0.07664936 0.07163311 0.05417613 1.09752876
 0.03723133 0.04259014 0.05525712 0.08146063 0.29826089 0.03826027
 0.03587697 0.05525966 0.17323042 0.03731534 0.11923678 0.04738474
 0.22606908 0.06431861 0.4089107  1.50861332 0.47549847 0.33437228
 2.14590679 0.16453913 0.06522068 0.08531012 0.18543231 0.04244207
 0.1302622  0.05503254 0.16864081 0.04639053 0.05163817 0.03614426
 0.03544432 0.03928639 0.03609376 0.03560947 0.04387808 0.67078033
 0.03801445 0.79344636 0.11120873 1.53407745 0.73821277 1.87224464
 0.09516307 0.12387743 2.69384702 0.32124604 1.2709988  0.78982101
 0.10012043 0.03984681 0.04389452 0.06983616 0.06753317 0.05023545
 0.05449977 0.20469127 0.03745908 0.03569979 0.04266635 0.03900811
 0.0383777  0.03660775 0.76038067 0.88942218 0.03642954 0.0409024
 0.03861694 0.03792414 0.17159885 0.03903452 0.0655016  0.0489199
 0.04662965 0.03843073 0.80007998 0.07128502 0.24254367 0.09545854
 0.14914241 0.26581104 0.0474381  0.62146067 0.33317804 1.41466213
 0.37577025 0.03812036 0.04229579 0.03908321 0.03654788 0.03613355
 0.36654759 0.03589116 0.06375585 0.03624179 0.18567762 0.04687047
 0.1198682  0.05126092 0.06292269 0.23718192 0.06598185 0.03587636
 0.03945567 0.03625026 0.03843065 0.10711037 0.03672138 0.58177268
 0.03674413 0.03541757 0.03540435 0.03671082 0.03809694 0.04119955
 0.0927291  0.05522295 0.03873212 0.06210276 0.28499327 0.20119101
 0.09664628 0.05388534 0.03637166 0.06963651 0.14289244 0.34512093
 0.04358756 0.03635304 0.85477869 0.03958945 0.66269598 0.03623279
 0.04590169 0.03750809 0.05756787 0.1176091  0.171144   0.04738697
 0.8197739  0.04078829 0.38002054 0.05562307 0.05719154 0.03693442
 0.03660974 0.03551643 0.03630008 0.03544408 0.03541751 1.13165596
 0.21089484 0.09689978 0.08756616 0.14408497 0.09268966 0.04170988
 0.10420379 0.04226823 0.8532882  0.05831463 0.06904885 0.04842071
 0.03808093 3.07371517 0.03575926 0.05208944 0.03562948 0.1034514
 0.04499842 0.03555039 0.03732354 0.03564    0.03588476 0.03608453
 0.0357546  0.03544224 0.03542146 0.03625363 0.0384434  0.03544767
 0.03544201 0.0354892  0.03546901 0.0706145  0.05984924 0.30768396
 0.14759567 0.45905995 0.03592627 0.07794806 0.03880007 0.03775117
 1.18316492 0.04302379 0.05468552 0.06164301 1.3174023  0.05024029
 0.28154461 0.05432414 0.03924258 0.03628144 0.03591619 0.0417017
 0.18436537 0.11229879 0.34388853 0.40974915 1.31942626 0.03585559
 0.05021604 0.35719651 0.04757465 0.03770733 0.11883126 0.257418
 0.60549914 0.04454835 0.08850521 0.08069107 0.09524567 0.03622746
 0.03600178 0.27643173 0.28705627 0.0394258  0.04144879 0.03590323
 0.03541045 0.13398148 0.03632233 0.04102567 1.59876216 0.03745508
 0.03584227 0.03540656 0.03545758 0.03542114 0.03608785 0.03561785
 0.03571541 0.0354789  0.04086038 0.035859   0.16719374 0.05971641
 0.31644581 0.04664629 0.07059502 0.69939987 0.10538048 0.26902369
 0.69961312 0.69299587 0.04681378 0.04438033 0.03622491 0.04541935
 0.31421219 0.03646934 0.04642462 0.03713942 0.04392902 0.03853352
 0.20779101 0.20124382 0.07509422 0.03792773 0.04112839 0.08557636
 0.12220256 0.05415356 0.03990597 0.27012709 0.0458589  0.03841923
 0.08896351 0.05108381 0.04641601 0.04929331 0.29407675 0.59842956
 0.06282913 0.04792247 1.11436903 0.09596709 0.26851543 0.06232767
 0.10352662 0.12571711 0.0475232  0.92638505 1.65683713 1.32232842
 0.03691418 0.06459067 0.07601975 1.91362015 0.20331586 0.03542444
 0.03582757 0.0397087  0.03578067 0.03541185 0.04851983 0.04010755
 0.03753588 0.03549502 0.03609985 0.04950568 0.03963683 0.10025095
 0.05610396 0.104351   0.8262247  0.06802714 0.7423705  0.50581666
 0.23535403 0.04123381 0.07628135 0.03550828 0.0441243  0.03540843
 0.03576451 0.0355539  0.03555126 0.03544112 0.03967026 0.41720392
 0.25395203 0.05201657 0.85512854 0.11979029 0.12988722 0.04607477
 0.03564155 0.03632344 0.03552532 0.05238833 0.04020328 0.22453633
 0.03711725 0.03651418 0.1044716  0.26764351 0.04120296 0.31116661
 0.04519809 0.28398137 0.169393   0.0360899  0.03561599 0.08070919
 0.0364158  0.03565443 0.03546553 0.03577603 0.0354343  0.03786639
 0.03542738 0.0368538  0.03577967 0.03622604 1.52921296 0.64138879
 0.37745608 0.37589628 0.11725704 0.03986458 0.07979729 0.04330146
 1.0586375  0.04251471 0.05015687 0.03639038 0.03733134 0.04366091
 0.04254645 0.98990511 0.27204612 0.07145604 2.02058839 0.25045744
 0.78159523 0.05831058 0.08527027 0.08129769 0.14705413 0.5719869
 0.61115358 0.05030616 0.07768298 0.03562638 0.55014302 0.03569976
 0.05727594 0.12171846 0.0483061  0.13237012 0.04364176 1.06342129
 0.11167737 0.37456815 0.12323907 0.03780391 1.3750385  0.20506637
 0.03668276 0.52082338 1.78811394 1.68751455 0.23528452 0.96883827
 0.0420865  0.07832807 0.04753375 0.05527716 0.3053285  1.41264251
 2.52101418 2.24375759 0.07791772 0.05647973 0.03579099 0.03593259
 0.03557984 0.03578366 0.03552933 0.08748649 0.03654757 2.0632657
 1.23151152 2.83525239 0.03976583 0.04468149 0.05061285 0.09135043
 0.05472783 0.03919239 0.09766118 0.22433883 0.04382202 0.0452714
 0.03550451 0.05611248 0.03544601 0.03562785 0.03585217 0.14353885
 0.0460006  1.46307642 0.04155931 0.13679263 0.03668025 0.03871071
 0.03642699 0.03542387 0.03600706 0.07075826 0.04217414 0.0637707
 0.1088089  0.06603488 0.03757064 0.51389291 0.03831479 0.04228074
 0.06153203 0.04225386 0.0368745  0.05412898 0.42444864 0.05186304
 0.28194941 0.04866346 0.46703399 0.03819609 0.35517755 0.76308979
 0.17569485 0.13951942 1.24714457 0.16687634 0.0378281  2.54288847
 0.53080892 0.19340354 0.48520874 0.89740745 0.07472254 0.05555819
 0.05097667 0.55041425 0.0578926  0.04088555 0.0552875  0.03724439
 0.26724347 0.05946674 0.04868097 0.09049862 1.70905361 0.22599556
 0.03755795 0.03966865 0.05010634 0.04614052 0.03651968 0.04342647
 0.03809337 0.57294914 0.03646823 0.03554421 0.03950491 0.15157464
 0.05577872 0.04382933 0.18636158 1.62656878 0.08182772 1.49723319
 0.07361652 2.81108658 1.61539843 0.06372233 0.16856941 0.27103339
 0.03969129 0.03552061 0.10077224 0.11623364 0.03568306 0.47034501
 1.52517176 2.22035273 0.89327149 0.0726966  0.66903334 0.03594478
 0.03557951 0.03561098 0.03578038 0.11104244 0.0618959  0.038855
 0.05897256 0.06239347 0.04467092 0.03551299 0.03545496 0.04906234
 0.05811113 0.20865775 0.05223982 0.30133749 0.05102205 0.04011338
 0.06396705 0.03658419 0.04034057 0.04956014 0.081645   0.03550604
 0.04009526 0.0506322  0.04499108 0.13305849 0.07015713 0.03684279
 0.04594337 0.03981103 0.04163044 0.0360722  0.03778246 0.03913853
 0.03790435 0.03650027 0.03650245 0.04320522 0.04493716 0.03655721
 0.1279022  0.03742684 1.25608675 0.14591656 0.42052289 0.07343744
 0.04860966 0.32506205 0.0462479  0.08527047 0.04798133 0.04205965
 0.03937041 0.04699049 0.03553193 0.03763844 0.04603292 0.28429678
 0.03726397 0.04119997 0.69295823 0.03617255 0.03647891 0.61414552
 0.03963015 0.03726025 0.0356999  0.18741819 0.06470529 0.05396629
 1.16042683 0.0371996  0.16914804 0.21623316 0.29574315 2.12281577
 0.13643373 0.07357088 0.05696369 0.0654317  0.04549066 0.03809549
 0.03601685 0.03912882 0.03542446 0.03549385 0.03646894 0.03791607
 0.19744126 0.03579942 0.50828846 0.03600148 0.34872963 0.1065156
 0.03639244 0.04378539 0.05041076 0.04175179 0.03822577 0.06667301
 0.03722626 0.03586995 0.08340446 0.08539094 0.64126158 0.06112134
 0.10927717 0.05213169 0.03575577 0.05678167 1.95371472 0.03648215
 0.102125   0.04628252 1.23293811 0.0637918  0.4131791  0.04512191
 0.03781877 0.036599   0.03579823 0.09480708 0.03796687 0.03668822
 0.04316503 0.03560816 0.04059036 0.03653499 0.03680039 0.0396183
 0.11564957 0.0495817  1.09356159 2.43435128 0.13115245 0.03753055
 1.59717924 0.03592036 0.04362191 0.03581204 0.03780363 0.03902931
 0.67845518 0.03619773 0.0716475  4.1649325  0.06799412]",0.9999513957307061,0.9631193568336426
0.009435585566929408,0.183353342773718,0.030209804478456902,0.15778502224748409,0.06722481358380142,0.955,[0.95486824 0.95513176],"[2.37217708e-01 1.29645247e-02 2.17208884e-03 5.25774146e-04
 3.19057248e+00 1.13059951e-02 1.05991385e-02 9.22568113e-03
 9.53671814e-02 4.46049278e-02 1.09836252e-05 4.94677229e-02
 2.39166459e+00 2.53572091e-02 1.13760483e-01 6.68810927e-02
 4.68243152e-02 5.67395519e-02 3.58419740e-01 2.92526568e-02
 1.49434299e+00 1.45937419e+00 1.58804724e-02 7.56551058e-01
 2.15244377e-02 4.84446875e-03 8.08415297e-05 1.37910770e-02
 2.31807976e-03 6.28554279e-04 2.55777113e-02 1.87148878e-03
 1.08189862e-03 6.89742643e-03 7.66886265e-03 2.42074102e-03
 3.06742010e-02 5.29261890e-04 1.70250447e-02 9.16133528e-03
 1.13011485e+00 1.77281876e-03 3.10949684e-02 1.48290614e-02
 3.05465382e-01 4.25347341e-03 2.38915046e-03 1.63232349e-04
 3.17715588e-03 3.74842576e-02 1.02074261e+00 9.52054272e-01
 2.49409530e+00 1.97883344e+00 3.26103139e+00 3.54522728e-04
 6.36816205e-04 2.01194161e-02 2.67671865e-01 2.26813377e-04
 3.99619353e+00 2.39379761e-01 1.36645947e-02 2.69598240e-03
 1.94121067e+00 1.59354950e+00 3.82955665e-02 2.41128257e-03
 6.48567795e-01 2.88905032e-02 4.68791901e-02 6.80709517e-03
 7.66326556e-03 6.58411299e-01 2.05543015e-03 9.61526755e-02
 5.60333527e-02 2.41300045e+00 1.64940212e-02 4.02473100e-01
 9.08589441e-01 1.92017380e-01 1.76606079e-01 7.15886591e-02
 4.82566729e-03 1.04690316e-02 2.06440218e-04 2.40785600e-02
 6.63280637e-03 7.18914408e-03 1.06278913e-02 5.24085552e-02
 2.69031726e-02 4.57183022e-01 3.21596232e-01 3.04563033e-02
 9.65718982e-03 7.49759179e-01 2.06822065e-02 1.59333618e-02
 2.04082473e-02 6.72809244e-03 8.96299016e-03 5.13763759e-02
 5.22271974e-02 2.93920444e-03 1.82398684e-02 2.82078470e+00
 3.05911315e-02 2.04196431e-01 2.71549616e-02 1.13977488e-01
 3.35242148e-02 1.08886310e-02 8.62422059e-03 7.11601831e-04
 5.13657382e-02 2.10731239e-04 1.13806377e-04 2.21253535e-03
 5.09094410e-02 1.17640947e-01 5.90727270e-01 1.00868556e+00
 2.62157053e-01 1.71887977e-04 2.87281881e-02 1.17989819e-03
 8.92933931e-04 5.69872298e-02 3.62165255e-01 8.02057365e-02
 4.91677524e-02 4.57936713e-02 2.86547452e-01 6.30212328e-04
 1.25502734e-02 1.14276419e-04 1.31796042e-03 4.44338167e-04
 1.06725185e-01 1.24339442e-01 3.84344116e-01 2.71874574e-01
 3.89352853e-01 1.49901173e-02 2.01529584e-02 2.65025822e-02
 2.94737487e-03 5.28734694e-02 1.93221308e-01 3.04029330e-03
 3.51039130e-01 1.51040904e-04 1.13011221e-03 1.11755155e-01
 6.13521969e-02 1.89611311e-02 9.52297190e-02 1.12648335e-01
 1.57734020e-02 1.42908671e-02 1.12740462e-02 3.84041635e-03
 9.12784138e-02 1.43439796e+00 8.08846742e-02 5.65863405e-03
 6.73968082e-03 2.88072226e+00 6.34187561e-05 4.03959185e-05
 4.58268343e-03 2.94771402e-01 7.55559657e-04 2.90933200e-01
 4.77741547e-01 5.54138071e-01 2.81979287e-03 1.02239554e+00
 2.29661893e-04 1.57818076e-03 4.03066876e-02 3.10969798e-02
 1.64676021e-02 1.06867414e+00 6.76579072e-02 7.23397465e-03
 2.29334611e-01 1.55022519e-01 7.48475735e-02 8.51310473e-03
 1.00123670e-02 7.26532777e-02 5.82146055e-01 5.91197407e-04
 8.11021214e-02 1.24021618e-02 2.23486176e-01 6.06002125e-02
 2.28891751e-01 4.28651809e-01 4.28196305e-01 4.22030732e-01
 2.41219506e+00 5.68355974e-01 9.27380271e-02 6.60608811e-02
 2.06216382e-01 3.52153924e-02 1.61422325e-01 9.24120909e-02
 1.83656138e-01 8.19635760e-02 4.91542781e-02 1.78885606e-02
 1.33183977e-03 5.47079781e-03 2.79187237e-02 3.69061377e-03
 3.65370036e-02 6.70664744e-01 1.44537531e-02 5.02933193e-01
 4.77629795e-01 8.66183980e-01 8.23426835e-01 1.28245107e+00
 6.52148664e-02 1.26660087e-01 4.75508648e+00 1.06327278e+00
 2.26912680e+00 1.82796457e+00 1.54379158e-01 1.30686398e-02
 1.42166937e-02 3.42160325e-02 2.86970817e-01 2.62244996e-02
 2.35706683e-02 2.32997919e-01 3.56703702e-03 7.43577500e-04
 4.08198846e-03 2.13257048e-03 8.02106368e-03 2.59204508e-03
 2.84526153e-01 3.51678523e-01 1.94347891e-03 1.49069706e-02
 2.79950386e-03 2.02750545e-03 9.69283370e-02 9.89145817e-02
 1.87212729e-01 1.46238308e-01 2.33073053e-01 1.39710339e-01
 8.52745510e-01 7.09733011e-02 3.82034823e+00 1.31747025e-01
 4.83850064e-01 8.88609932e-02 9.83463254e-03 1.51542471e+00
 1.03009398e-01 3.34487936e+00 1.02300168e+00 1.19140513e-02
 1.23359258e-02 3.10964110e-02 2.07861635e-03 3.76367100e-03
 9.71250790e-01 2.09350029e-04 1.07899216e-02 1.10470796e-03
 1.28525072e-01 5.13460841e-02 9.21066431e-02 5.29458722e-02
 4.96424495e-02 1.66013635e-01 9.83381285e-02 2.03701616e-03
 1.45688680e-02 4.09717610e-02 6.43877916e-02 3.88187222e-02
 1.82298835e-03 6.11314901e-01 1.05423087e-03 1.09989633e-04
 9.47111745e-04 7.56034059e-03 5.64087512e-03 3.56959872e-02
 8.59177359e-02 8.18893715e-02 2.29021515e-03 2.24013467e-02
 3.96795635e-01 8.36920116e-01 7.22970408e-02 2.17315434e-02
 5.00758824e-03 2.02802978e-01 2.03038331e-01 2.01291599e-01
 1.74601343e-02 5.59221403e-04 1.56203336e+00 1.58162977e-02
 1.10529068e+00 6.69636390e-04 4.14764473e-02 3.17786298e-03
 6.97289807e-02 5.27120066e-02 3.88714738e-02 4.97911147e-02
 1.64867330e-01 8.50359593e-03 4.73391723e-01 1.23412070e-01
 1.91716596e-02 7.79710343e-03 1.52748924e-03 2.83814002e-04
 1.05715062e-03 6.32263605e-06 2.41559184e-06 1.38767776e+00
 2.25905876e-01 1.07676424e-01 1.41831277e-01 8.97471007e-02
 1.17364014e-01 1.20140285e-02 2.77932396e-01 1.20596684e-02
 1.01966916e+00 1.46851180e-02 6.42259572e-03 6.87804488e-03
 2.50837339e-03 2.26893097e+00 2.72745212e-04 1.83498522e-02
 1.07882714e-04 6.44318339e-02 2.49869450e-03 5.56133809e-04
 3.79393277e-03 1.27074124e-03 1.27666770e-03 1.62647221e-03
 5.97875620e-04 7.56990108e-02 2.72841119e-01 2.05541792e-02
 1.99678159e-01 6.22670421e-05 2.20149802e-05 7.57151598e-05
 9.56522264e-05 5.20574295e-02 1.55091059e-01 4.98599010e-01
 5.21504837e-01 1.50485510e+00 3.22339105e-01 5.37909414e-02
 3.45419738e-03 1.74993841e-02 1.57017910e+00 5.65433251e-03
 2.59168404e-02 2.35216929e-01 1.42211892e+00 1.08422668e-02
 1.18704881e+00 2.13670750e-02 3.65279047e-03 7.15936865e-05
 2.19471879e-03 7.07219567e-03 3.81494306e-01 5.02894157e-01
 1.46588695e+00 8.80415590e-01 1.56638699e+00 5.14690685e-03
 3.18890065e-02 5.73679143e-01 1.54969821e-01 2.54946398e-03
 4.69389545e-02 2.24027161e-01 2.85216938e-01 5.96654552e-03
 7.82921274e-02 1.00659572e-01 5.60754260e-02 2.27447126e-03
 3.49968308e-03 7.14487922e-01 2.31793484e-01 3.77902435e-03
 2.07985127e-02 8.90219973e-04 3.93321617e-06 1.46014197e-01
 2.49293297e-03 2.16389555e-02 1.70692436e+00 1.36494646e-02
 5.42633468e-04 1.61408101e-05 4.59549976e-05 3.35797925e-05
 7.96417911e-04 4.46747685e-03 3.48726943e-03 3.61479612e-03
 1.92415144e-02 1.17098091e-02 9.86099994e-01 2.60163017e-01
 1.51521284e+00 1.41970834e-01 1.15963828e-01 5.23533332e-01
 8.95793317e-02 3.54959359e-01 4.31819810e-01 1.28445614e+00
 4.77396599e-02 2.07005162e-02 2.61377798e-02 7.37401287e-03
 1.13528406e+00 5.11649487e-03 2.41675001e-02 9.55637949e-03
 2.34504061e-02 5.42172431e-03 1.25599471e+00 6.82216304e-01
 4.35989150e-01 2.16204507e-02 2.68957484e-02 4.87117475e-02
 1.60187926e-01 1.83520000e-01 5.10987923e-02 3.92335509e-01
 1.13210365e-02 3.90019022e-04 3.19320000e-01 3.81295421e-02
 1.16450699e-02 1.20873045e-01 5.49211802e-01 1.08148578e+00
 1.48808997e-01 1.11665120e-01 8.41603271e-01 1.20307970e-01
 1.65047438e-01 5.24692282e-02 1.10549445e-01 1.46192232e-01
 7.03967835e-03 3.99056258e-01 1.40442362e+00 8.01554047e-01
 5.60178539e-04 9.68386109e-02 3.86510140e-02 2.71493622e+00
 6.60329328e-01 1.15483602e-05 8.21483338e-04 1.05688809e-02
 4.16459821e-04 1.65826840e-05 1.83309003e-02 6.30104561e-03
 4.27425802e-03 1.42384942e-04 8.81542172e-04 2.89395216e-02
 5.45281550e-03 7.64488579e-02 3.90839453e-02 1.58482235e-02
 3.27879342e-01 4.81157613e-03 1.04084643e+00 7.51208203e-01
 1.77600046e-01 5.91471633e-02 8.13137028e-02 2.81415783e-04
 7.20817902e-02 8.24443248e-06 3.43852756e-04 1.16745665e-04
 4.73160625e-04 1.94005974e-05 1.68498943e-02 3.65029611e-01
 6.69101026e-01 6.68956894e-03 1.21812439e+00 1.43856419e-01
 2.06227936e-01 6.56429550e-02 7.50374590e-04 2.97630612e-03
 6.12970121e-04 8.21990824e-03 1.27923487e-02 1.43540078e-01
 1.64642834e-03 4.88914974e-04 4.07677298e-02 3.12751374e-01
 8.70962431e-03 4.79297276e-01 1.32858778e-02 2.31912433e+00
 8.90837733e-01 3.36022338e-03 1.07832906e-03 4.16787341e-01
 1.23967191e-03 1.81097018e-04 2.02292266e-05 8.13957710e-04
 2.26944239e-05 3.41911499e-03 8.68774227e-05 4.16246410e-03
 2.23418467e-03 1.47844169e-03 3.26799153e+00 2.77794053e+00
 1.39674973e+00 7.85215678e-01 9.55369919e-01 1.53097537e-02
 3.04232576e-01 3.60803335e-02 1.56124751e-01 2.14461503e-02
 6.63470133e-02 1.41949631e-02 3.57374679e-03 2.68383054e-02
 2.57718421e-02 5.41609011e-01 2.16522686e-01 3.02949111e-02
 2.18723937e+00 3.89917634e-01 1.75756792e+00 2.88156624e-01
 9.54625699e-02 1.46998012e-01 1.06238368e-01 3.45251189e-01
 6.11021064e-02 5.37915741e-03 2.64059204e-02 4.43098735e-05
 1.24180985e+00 4.28662207e-04 3.32853163e-02 2.24171408e-01
 1.01716954e-01 2.80575139e-01 1.67197470e-02 1.41577201e+00
 2.81413539e-01 1.06509313e+00 2.66949556e-01 6.82044701e-04
 1.74522732e+00 9.10535238e-02 3.89208051e-04 3.81358525e-01
 1.46019202e+00 2.14705626e+00 7.95342624e-01 2.94197919e+00
 8.17187950e-02 3.93880712e-02 1.00630312e-02 5.05250895e-02
 7.11079789e-01 1.23043187e+00 2.74188798e+00 2.70145182e+00
 5.83166142e-02 6.63746162e-03 2.17038751e-03 8.95773867e-04
 2.41558729e-04 1.27859528e-03 6.80501477e-04 1.03560156e-02
 4.12823190e-03 9.98659346e-01 5.49428230e-01 1.79499639e+00
 1.49661664e-03 4.08544040e-02 6.26076782e-03 1.89629781e-01
 4.64811566e-02 5.34754930e-03 8.77873916e-02 7.52144498e-01
 8.92060574e-02 2.24868188e-02 4.95097084e-04 6.32251579e-03
 6.15519528e-05 7.69013067e-04 3.30847000e-03 2.19806641e-01
 2.66144046e-02 9.41494449e-01 1.92427039e-02 1.13747908e-01
 2.11132775e-03 6.57523691e-03 3.33313617e-03 3.09162210e-05
 1.50175928e-03 6.79189135e-02 4.13881221e-03 4.40657709e-02
 9.98398581e-02 2.47134643e-02 2.28590297e-02 1.58386169e+00
 4.13347163e-02 7.93334477e-02 1.70969054e-01 9.97602910e-03
 3.18580344e-03 1.56698045e-02 7.34202843e-01 2.22789443e-02
 4.65012918e-01 2.00928626e-02 3.90723123e-01 3.77175166e-02
 2.93126662e-01 1.38097412e+00 2.41728742e-01 1.12529971e-01
 3.81031060e-01 1.64164541e-01 7.91334817e-03 2.83644198e+00
 2.28224932e+00 1.24530186e-01 2.03292011e+00 6.53522905e-01
 2.78770043e-02 6.55784472e-03 1.11820710e-01 9.09424445e-01
 1.96477707e-03 4.81616322e-03 5.87136287e-03 9.81785242e-04
 1.22064005e-01 5.03690013e-02 5.22881971e-02 5.87872576e-02
 2.30584962e+00 1.12352560e-01 1.15680656e-02 1.35707013e-02
 4.78338231e-02 4.77112367e-02 1.28470420e-03 4.10002629e-03
 1.32909950e-03 7.93743613e-01 7.21032595e-04 4.21073650e-05
 2.32984054e-03 4.27632802e-02 1.46283047e-02 9.24418592e-03
 2.39068234e-01 2.43056648e+00 1.46667180e-02 6.92259865e-01
 7.51508937e-02 2.31759857e+00 1.14715708e+00 8.84793416e-02
 3.56390393e-01 4.76231194e-01 1.88407347e-01 2.47969297e-04
 7.38392984e-02 1.83404495e-01 3.18001237e-04 7.66628718e-01
 2.54442391e-01 2.80784584e+00 8.41907596e-01 3.47565887e-02
 6.10815234e-01 9.92801467e-04 1.34409641e-04 1.71438508e-04
 1.01998132e-03 2.13658319e-01 4.96651559e-02 7.23342227e-04
 1.55006827e-02 9.61701910e-02 5.67335718e-03 7.56036885e-04
 5.70812340e-04 8.98140724e-02 1.57872570e-01 1.41603222e+00
 3.40846471e-02 1.67947428e-01 2.24053179e-02 1.14085652e-02
 5.37204641e-02 4.02835566e-03 6.01416150e-03 1.54817166e-02
 9.59191718e-02 1.35777057e-04 3.74944084e-03 2.77177343e-02
 3.96585013e-02 2.39239001e-01 2.28501656e-02 7.17085902e-04
 6.16449423e-03 5.33788713e-03 2.57514594e-03 1.70290995e-04
 9.37122064e-04 2.53575199e-03 2.73619587e-03 1.23203935e-03
 8.16832547e-04 7.54907193e-03 9.79063066e-03 2.48861067e-03
 9.26423328e-02 7.37043857e-03 1.66243728e+00 5.00891913e-01
 8.55994583e-01 5.71647549e-02 5.58892636e-02 3.10606493e-01
 3.00962604e-03 3.82247123e-02 2.17058890e-02 2.55931472e-02
 2.65010654e-02 2.35048161e-02 3.32534501e-04 1.27534704e-02
 1.39884548e-02 3.92719558e-01 8.30286206e-03 3.86327472e-03
 1.09626478e+00 1.49884833e-03 4.11132398e-03 9.99294316e-01
 8.31810291e-03 1.75486421e-03 6.61579801e-03 2.45157305e-01
 3.73104727e-02 3.88369259e-02 8.58760637e-01 1.86720181e-03
 8.08399136e-02 9.47087265e-02 4.09671992e-01 2.47078481e+00
 2.06421720e-01 3.87412983e-02 3.71454176e-02 3.18806201e-02
 9.72435647e-04 1.29360905e-03 7.14535764e-02 6.13444545e-02
 2.85972081e-03 3.27122436e-04 6.43515480e-02 1.62232026e-03
 1.51285306e-02 2.74795218e-03 4.94502537e-01 2.97769100e-04
 1.82681103e+00 2.35463903e-01 8.39266155e-04 9.47729858e-03
 3.33755286e-02 1.31286863e-02 5.11181891e-03 5.16341071e-02
 6.26023836e-03 5.45672263e-05 2.27365868e-02 4.15891883e-02
 2.72314879e-01 1.36374500e-02 5.19878668e-02 1.38872937e-02
 1.96891920e-03 1.31969466e-02 2.19032682e+00 9.06797714e-04
 3.42652746e-01 5.97329134e-01 9.83655724e-01 3.28864601e-01
 4.55753055e-01 2.76484744e-02 2.98800330e-03 9.12877810e-04
 5.32547251e-04 1.51603950e-01 1.03214437e-02 1.18362130e-02
 1.63358989e-02 2.06594506e-03 6.59757721e-03 5.51677813e-03
 6.21195799e-03 1.22311283e-01 1.22886106e-01 5.36704422e-02
 1.09976935e+00 2.23084190e+00 1.94936679e-01 7.16866682e-03
 1.48309369e+00 6.34536186e-04 3.25851171e-03 2.34025984e-03
 2.85113014e-03 2.38487273e-02 4.51972706e-01 1.15327009e-03
 2.91539275e-02 3.64033115e+00 2.41899067e-02 2.33229575e-02
 5.58667977e-02 1.60558475e-01 2.73241083e-01 1.42597652e-03
 2.72253758e+00 1.79936678e-01 2.44736233e-03 3.93105070e-04
 1.44236141e-03 5.41627466e-01 3.69227799e-02 1.95660843e-01
 7.13925308e-01 2.90475882e-02 9.57149992e-05 1.83253939e-03
 8.15201321e-06 6.74939164e-05 2.15084784e-03 5.72442381e-04
 6.95307678e-04 3.05361557e-05 3.46186409e-04 1.47062544e-03
 2.73644214e-03 6.99287450e-04 2.58188378e-02 2.75998386e-03
 1.33357837e-04 1.61671604e-02 5.34610200e-03 1.08144930e-02
 3.44461485e-03 1.20008807e-02 9.85895995e-01 3.13044911e+00
 2.51474818e-03 1.95765459e-01 3.11554640e-01 2.95888318e+00
 1.93972457e+00 1.41613590e-01 2.50463208e+00 1.93241746e-02
 8.44355532e-02 1.89745100e-01 1.22384996e+00 8.06516560e-01
 5.92098794e-01 2.38427332e-04 1.18538637e-03 2.66861685e-04
 2.00775177e-02 3.95934089e-04 7.24241042e-01 2.77415139e-02
 1.17969590e-01 4.46378461e-01 4.59986578e-03 1.06780824e-01
 8.18927932e-01 2.96545543e-01 2.71474797e+00 1.76069006e+00
 4.92691280e-03 1.97753869e-03 6.49299760e-02 2.43718550e-02
 1.14490082e-03 1.41218410e-03 2.34740154e-02 4.52165524e-03
 1.74563756e-01 7.60274707e-03 1.55007911e-02 1.88534836e-01
 1.57060317e+00 2.49287172e-01 2.42538083e-02 1.39036420e+00
 2.14206667e-01 1.66415953e-01 2.79262438e-01 1.56715687e+00
 9.43810982e-03 1.71299024e+00 3.29419171e-02 8.78594231e-02
 3.83355652e-02 2.43574145e+00 1.63800289e+00 5.48901057e-01
 1.33954273e+00 2.49598998e+00 4.35040288e-01 1.02412060e+00
 3.09232540e-01 2.39283242e-01 7.02529958e-03 7.90007483e-01
 3.61213631e-04 5.14246211e-03 1.62706635e-01 7.54371072e-02
 3.27836037e-02 5.74776821e-01 3.89490100e-05 5.43830102e-01
 1.69739241e-03 9.00160030e-03 5.83475326e-02 2.40039773e-01
 1.18381343e-02 8.39340089e-03 3.84167329e-02 8.15802107e-02
 1.11031094e+00 5.09865724e-01 9.61270198e-01 5.06259567e-02
 1.46343875e-02 2.42915701e-02 1.70613668e-02 7.63693277e-02]",0.9999135678391959,0.9511718004218004
0.007722619553686867,0.1747581539544421,0.030272220566948924,0.14677515193889054,0.06142884036733498,0.9582222222222222,[0.9581152  0.95832924],"[9.77759090e-02 2.05719011e-02 6.09815615e-04 ... 1.56483952e+00
 1.23381521e+00 3.03935081e-02]",0.9998920634920635,0.9564163984163986
0.010106433795977242,0.18344943251319323,0.027435053247180853,0.15566842757634344,0.06783147257379314,0.9536,[0.95349364 0.95370636],[0.28236631 0.11500479 0.03864445 ... 0.18038719 0.03909433 0.08046915],0.9999312449799197,0.9519623709623709
0.008607476256614508,0.21247892939420635,0.032076868506025806,0.17411540746829599,0.07394287915893391,0.9534545454545454,[0.95334914 0.95355995],[0.79576061 0.18534253 0.05188234 ... 0.05460673 0.050849   0.39591974],0.9999304578633046,0.9517103502558046
0.0076176460753095915,0.20478372601792216,0.02365971774369121,0.1808084200741172,0.08058207422818858,0.9446666666666667,[0.94456137 0.94477196],[0.92262722 0.05576063 0.02829101 ... 0.0277691  0.0278735  0.03995231],0.999936231884058,0.9414890664890665
0.008071558148253197,0.25214340476611374,0.027408195374859824,0.2242955339299054,0.0979230496862916,0.9316923076923077,[0.9315742  0.93181042],[0.45379843 0.02297639 0.00567706 ... 1.86292407 0.12170279 0.05172518],0.9998879392212725,0.9284136034905266
0.009036486799066717,0.23336432972838256,0.033520863610592255,0.21678548455541585,0.08930779325272815,0.9411428571428572,[0.94104283 0.94124288],[0.47160431 0.17777301 0.06965999 ... 0.06697476 0.06697478 0.06698738],0.9999096193205076,0.9387530723245009
TODO,TODO,TODO,TODO,TODO,TODO,TODO,TODO,TODO,TODO
TODO,TODO,TODO,TODO,TODO,TODO,TODO,TODO,TODO,TODO
TODO,TODO,TODO,TODO,TODO,TODO,TODO,TODO,TODO,TODO
TODO,TODO,TODO,TODO,TODO,TODO,TODO,TODO,TODO,TODO
0.008184805812451663,0.29008835616471534,0.02899522160232388,0.2693188329640551,0.11115954920159993,0.9225263157894736,[0.92243458 0.92261805],[0.95875    0.23363541 0.06191177 ... 2.456285   0.06750835 1.76064965],0.9998250055518544,0.9186183757762705
TODO,TODO,TODO,TODO,TODO,TODO,TODO,TODO,TODO,TODO
0.008717821583603368,0.28288472723780256,0.02855847351712375,0.2719395475509357,0.10727183858056,0.9253333333333333,[0.92525324 0.92541343],[1.63537997 0.22100766 0.10207621 ... 3.13440042 0.72816267 0.33033912],0.9998298800436203,0.9227492401778117
